Model,TimeBudget,Score
Claude Opus 4.5,1,0.11841255902550873
Claude Opus 4.5,2,0.12356130425448703
Claude Opus 4.5,5,0.16863687447522596
Claude Opus 4.5,10,0.171
GPT-5.1 Codex Max,1,0.11742347336458485
GPT-5.1 Codex Max,2,0.1516902168667224
GPT-5.1 Codex Max,5,0.182218276820843
GPT-5.1 Codex Max,10,0.202
Gemini 3 Pro,1,0.10726702661073761
Gemini 3 Pro,2,0.13539828353276975
Gemini 3 Pro,5,0.16499246490023084
Gemini 3 Pro,10,0.183
