Model,TimeBudget,Score
Claude Opus 4.5,1,0.11841255902550873
Claude Opus 4.5,2,0.12356130425448703
Claude Opus 4.5,5,0.16863687447522596
Claude Opus 4.5,10,0.1712
GPT-5.1 Codex Max,1,0.12692369459082936
GPT-5.1 Codex Max,2,0.14554136765463313
GPT-5.1 Codex Max,5,0.17892679336458694
GPT-5.1 Codex Max,10,0.2016
Gemini 3 Pro,1,0.10716998754665251
Gemini 3 Pro,2,0.1299573513479998
Gemini 3 Pro,5,0.14854209638480226
Gemini 3 Pro,10,0.1830
