model,aime2025,arenahardwriting,bfcl,gpqamain,gsm8k,healthbench,humaneval
Qwen3-1.7B-Base,0.05333333333333333,0.05314625850340136,0.0,0.25959821428571417,0.46679302501895537,0.2110110691560308,0.25243902439024396
Qwen3-4B-Base,0.09000000000000001,0.19168260038240917,0.0,0.29888392857142837,0.7438210765731573,0.2179351466647625,0.6774390243902438
SmolLM3-3B-Base,0.06000000000000001,0.03248811410459588,0.0,0.13236607142857182,0.5298711144806676,0.10165123092180756,0.3237804878048783
gemma-3-4b-pt,0.0,0.01257396449704142,0.06699999999999998,0.21406249999999985,0.0583775587566339,0.23317845064882012,0.004878048780487805
