model,aime2025,arenahardwriting,bfcl,gpqamain,gsm8k,healthbench,humaneval
Qwen3-1.7B-Base,0.0,0.0011344753455702903,0.5138417395787669,0.018586303566661886,0.19354272150529972,0.06645785785726543,0.09679577967309477
Qwen3-4B-Base,0.019245008972987525,0.010501783115282418,0.44162578427140475,0.0761550094162142,0.13010394951466087,0.07088891053139922,0.012195121951219523
SmolLM3-3B-Base,0.0,0.012300581617444616,0.0,0.024889477207853776,0.1194184703787351,0.08016970211510596,0.10787686593264714
gemma-3-4b-pt,0.0,0.04958396932412991,0.08660254037844388,0.06630378624617325,0.05091661507176497,0.0331580860557381,0.17421675377316834
