model,aime2025,arenahardwriting,bfcl,gpqamain,gsm8k,healthbench,humaneval
Qwen3-1.7B-Base,0.0,not stored,0.08,0.203125,0.1281273692191054,0.006144709161356243,0.0
Qwen3-4B-Base,0.0,0.2577479338842975,not stored,0.09821428571428571,0.7172100075815011,0.01539693940956227,0.27439024390243905
SmolLM3-3B-Base,0.0,0.06633499170812604,not stored,0.19866071428571427,0.6520090978013646,0.17715457840094231,0.3597560975609756
gemma-3-4b-pt,0.0,not stored,0.35,0.15178571428571427,0.49583017437452614,0.25327708469875315,0.4573170731707317
