model,aime2025,arenahardwriting,bfcl,gpqamain,gsm8k,healthbench,humaneval
Qwen3-1.7B-Base,0.0,0.004459230465865948,0.020816659994661344,0.05358692732152035,0.01907467115300853,0.024553073405912017,0.10099396950247841
Qwen3-4B-Base,0.0,0.014202171662362992,0.39272551907577047,0.1264070994175694,0.27576279590877556,0.02788095634877824,0.09153114023737971
SmolLM3-3B-Base,0.03849001794597506,0.025531244303727375,0.5196152422706632,0.11858401172116059,0.2105096776884549,0.04553292099704717,0.11412922879159723
gemma-3-4b-pt,0.0,0.027911081095770656,0.1115048578911849,0.15880144728516787,0.04251953860611192,0.01867952670691689,0.027495425322090816
