model,aime2025,arenahardwriting,bfcl,gpqamain,gsm8k,healthbench,humaneval
Qwen3-1.7B-Base,0.0,0.001578059020093898,0.0,0.054858061283234394,0.0207674094051572,0.02023558443063017,0.014081713882673796
Qwen3-4B-Base,0.0,0.010720039672307011,0.0,0.12476726846317468,0.0856418843125277,0.03570695448673078,0.11314768829038031
SmolLM3-3B-Base,0.0,0.013789369927611912,0.0,0.02202179849248325,0.21498379976856405,0.028560407287217312,0.10992534376414602
gemma-3-4b-pt,0.019245008972987525,0.0,0.4596737973824482,0.00464657589166547,0.031028630674270075,0.01528172039701978,0.06015710807702743
