model,aime2025,arenahardwriting,bfcl,gpqamain,gsm8k,healthbench,humaneval
Qwen3-1.7B-Base,0.0,0.004066251525515019,0.5766666666666667,0.28794642857142855,0.1508718726307809,0.05463783674396497,0.26219512195121947
Qwen3-4B-Base,0.022222222222222223,0.009950794256726186,0.0,0.2760416666666667,0.4200151630022744,0.023022550148661988,0.3699186991869919
SmolLM3-3B-Base,0.0,0.019478330590164666,0.62,0.27232142857142855,0.34925448572150614,0.07625693740637034,0.22154471544715448
gemma-3-4b-pt,0.0,0.0635518034021872,0.6233333333333334,0.27008928571428575,0.40181956027293403,0.20027621668983409,0.3089430894308944
