model,aime2025,arenahardwriting,bfcl,gpqamain,gsm8k,healthbench,humaneval
Qwen3-1.7B-Base,0.0,0.03924646781789639,0.89,0.16517857142857142,0.5435936315390447,0.18877429615813102,0.36585365853658536
Qwen3-4B-Base,0.03333333333333333,0.02511415525114155,0.85,0.12946428571428573,0.3684609552691433,0.05623425143325854,0.5
SmolLM3-3B-Base,0.1,0.07154742096505824,0.83,0.28348214285714285,0.3813495072024261,0.29692144059431264,0.47560975609756095
gemma-3-4b-pt,0.0,0.08394833948339483,0.72,0.11830357142857142,not stored,0.1668932081664969,0.3719512195121951
