model,aime2025,arenahardwriting,bfcl,gpqamain,gsm8k,healthbench,humaneval
Qwen3-1.7B-Base,0.0,0.001513759732112818,0.2966666666666667,0.29538690476190477,0.24311346980035378,0.09167737815033544,0.25
Qwen3-4B-Base,0.011111111111111112,0.012433006545966886,0.5066666666666667,0.15625,0.43442001516300227,0.1785380430803908,0.3048780487804878
SmolLM3-3B-Base,0.0,0.02579480873294097,0.0,0.2738095238095238,0.4028304270912307,0.05391016128236004,0.18902439024390247
gemma-3-4b-pt,0.0,0.058991832198078804,0.8099999999999999,0.2373511904761905,0.4217841799342937,0.1341589633411198,0.20528455284552846
