model,aime2025,arenahardwriting,bfcl,gpqamain,gsm8k,healthbench,humaneval
Qwen3-1.7B-Base,0.0,0.015920054276138226,0.35232560697930165,0.08118988160479113,0.24860426997791965,0.02971433809330268,0.15810604452922278
Qwen3-4B-Base,0.0,0.018514810657258258,0.0,0.07289008869360708,0.01733828146479041,0.07822476730377903,0.1749266864363543
SmolLM3-3B-Base,0.09622504486493763,0.014020038968275382,0.4387862045841156,0.05326050645289667,0.03000525345452669,0.0473196871611539,0.10371829936726076
gemma-3-4b-pt,0.019245008972987525,0.06609505808524177,0.09451631252505215,0.08845408833992705,0.0763024512392727,0.003782446636118842,0.23109139361528316
