model,aime2025,arenahardwriting,bfcl,gpqamain,gsm8k,healthbench,humaneval
Qwen3-1.7B-Base,0.0,0.007563884661123981,0.0,0.19419642857142858,0.10437199898913319,0.03744775468187937,0.11382113821138211
Qwen3-4B-Base,0.0,0.00921720093717641,0.0,0.20610119047619047,0.48496335607783675,0.10853131440543995,0.30691056910569103
SmolLM3-3B-Base,0.0,0.018578225101559275,0.0,0.271577380952381,0.32878443265099827,0.09451778952503319,0.21341463414634146
gemma-3-4b-pt,0.011111111111111112,0.0028530670470756064,0.59,0.24032738095238093,0.3487490523123578,0.16845747584712886,0.32723577235772355
