model,aime2025,arenahardwriting,bfcl,gpqamain,gsm8k,healthbench,humaneval
Qwen3-1.7B-Base,0.05555555555555556,0.03210477092980916,0.8733333333333334,0.22991071428571427,0.4298711144806671,0.09731643459498457,0.37195121951219506
Qwen3-4B-Base,0.06666666666666667,0.055516764775059624,0.9733333333333333,0.29910714285714285,0.7874652514531211,0.1071006208575928,0.5792682926829268
SmolLM3-3B-Base,0.011111111111111112,0.0421788295183445,0.5966666666666667,0.28124999999999994,0.46904220368966393,0.19264438666456543,0.17479674796747968
gemma-3-4b-pt,0.0,0.13948738811630637,0.6433333333333334,0.28125,0.3641647712913824,0.21494355861282732,0.3638211382113821
