model,aime2025,arenahardwriting,bfcl,gpqamain,gsm8k,healthbench,humaneval
Qwen3-1.7B-Base,0.022222222222222223,0.004973733876687463,0.29333333333333333,0.17410714285714288,0.5099823098306798,0.09328639386233849,0.32723577235772355
Qwen3-4B-Base,0.011111111111111112,0.0547019520297913,0.5833333333333334,0.2306547619047619,0.6459438968915845,0.11787153219020152,0.42073170731707316
SmolLM3-3B-Base,0.0,0.06491619690513319,0.3333333333333333,0.2581845238095238,0.5607783674500885,0.21924499675625117,0.2926829268292683
gemma-3-4b-pt,0.0,0.13196881091617935,0.89,0.2857142857142857,0.51908011119535,0.2018903892114916,0.21544715447154472
