model,aime2025,arenahardwriting,bfcl,gpqamain,gsm8k,healthbench,humaneval
Qwen3-1.7B-Base,0.0,0.005104878486765199,0.0,0.2938988095238095,0.5041698256254739,0.15419939478619685,0.3028455284552845
Qwen3-4B-Base,0.022222222222222223,0.09708263309778736,0.31,0.23958333333333334,0.5157947940358857,0.1817127278173999,0.258130081300813
SmolLM3-3B-Base,0.0,0.1434410401180929,0.2966666666666667,0.29017857142857145,0.501389941875158,0.1863589859742679,0.24186991869918695
gemma-3-4b-pt,0.0,0.15705621419522667,0.6366666666666667,0.2953869047619048,0.4058630275461208,0.1691692083590615,0.2906504065040651
