model,aime2025,arenahardwriting,bfcl,gpqamain,gsm8k,healthbench,humaneval
Qwen3-1.7B-Base,0.0,0.02269434660530112,0.8566666666666666,0.16145833333333334,0.3957543593631539,0.10927872972505963,0.3617886178861789
Qwen3-4B-Base,0.022222222222222223,0.04978031585035019,0.5733333333333334,0.20163690476190477,0.47536012130401817,0.08824904411348126,0.5203252032520326
SmolLM3-3B-Base,0.12222222222222223,0.0642300766935453,0.27666666666666667,0.1800595238095238,0.55420773313116,0.18452760222512857,0.38008130081300817
gemma-3-4b-pt,0.011111111111111112,0.16005538506015368,0.8066666666666666,0.19791666666666666,0.3949962092494314,0.19702559983658005,0.34552845528455284
