model,aime2025,arenahardwriting,bfcl,gpqamain,gsm8k,healthbench,humaneval
Qwen3-1.7B-Base,0.0,0.020039783435121205,0.39333333333333337,0.22098214285714288,0.2239070002527167,0.17286703982737475,0.17276422764227642
Qwen3-4B-Base,0.0,0.023485803406959726,0.0,0.2529761904761905,0.5564821834723275,0.18488038582014174,0.4268292682926829
SmolLM3-3B-Base,0.05555555555555555,0.012319825385058889,0.25333333333333335,0.22842261904761904,0.5370229972201163,0.21209411841584022,0.13821138211382114
gemma-3-4b-pt,0.011111111111111112,0.17498468804299974,0.7666666666666666,0.15922619047619047,0.3866565579984837,0.13892751655420524,0.27235772357723576
