model,aime2025,arenahardwriting,bfcl,gpqamain,gsm8k,healthbench,humaneval
Qwen3-1.7B-Base,0.0,0.014344329847627334,0.03055050463303896,0.01924481719699042,0.3066293122679173,0.09784789897722569,0.10371829936726078
Qwen3-4B-Base,0.019245008972987525,0.035168876974174736,0.49662192192183113,0.12116102133519012,0.1440106091124494,0.04054151204700071,0.11718321386503722
SmolLM3-3B-Base,0.03849001794597504,0.0391512016851106,0.4792007234273893,0.1195881515834644,0.15002371306885565,0.09994951557804717,0.08323412694895636
gemma-3-4b-pt,0.019245008972987525,0.1276836012696006,0.08504900548115385,0.07213425588164504,0.2904813352641094,0.02794163412192093,0.03129025267955417
