model,aime2025,arenahardwriting,bfcl,gpqamain,gsm8k,healthbench,humaneval
Qwen3-1.7B-Base,0.0,0.014432208944055487,0.5080682368868706,0.0355978384342431,0.09700273195289205,0.0462542205046797,0.1412126316478191
Qwen3-4B-Base,0.0,0.031021899151513894,0.5196152422706632,0.03629091785195594,0.05163775952648317,0.1112414707411547,0.08857218930691432
SmolLM3-3B-Base,0.019245008972987525,0.012947920567675169,0.5253887449625595,0.045307551629875986,0.2757634906977746,0.14881639771315328,0.055885069450680974
gemma-3-4b-pt,0.0,0.07074834956598722,0.4792007234273894,0.17129424145490776,0.04011992102463834,0.04573102169777521,0.03394978270018307
