model,aime2025,arenahardwriting,bfcl,gpqamain,gsm8k,healthbench,humaneval
Qwen3-1.7B-Base,0.0,0.001513759732112818,0.4066666666666667,0.2953869047619048,0.24311346980035378,0.09167737815033544,0.2540650406504065
Qwen3-4B-Base,0.011111111111111112,0.012433006545966886,0.59,0.15625,0.4344200151630022,0.1785380430803908,0.3048780487804878
SmolLM3-3B-Base,0.0,0.02579480873294097,0.0,0.2738095238095238,0.4028304270912307,0.05391016128236004,0.18902439024390247
gemma-3-4b-pt,0.0,0.05899183219807882,0.8099999999999999,0.23735119047619047,0.4217841799342936,0.1341589633411198,0.2052845528455285
