model,aime2025,arenahardwriting,bfcl,gpqamain,gsm8k,healthbench,humaneval
Qwen3-1.7B,0.26666666666666666,0.5,0.94,0.3549107142857143,0.8847611827141774,0.44918867035528026,0.6890243902439024
Qwen3-1.7B-Base,0.0,0.009142053445850914,0.0,0.140625,0.12661106899166036,0.07537565969807473,0.07926829268292683
Qwen3-4B,0.5333333333333333,0.8683943089430894,0.95,0.44642857142857145,0.9378316906747536,0.5272399437524256,0.774390243902439
Qwen3-4B-Base,0.03333333333333333,0.03417533432392273,0.0,0.13392857142857142,0.4184988627748294,0.13383521639663787,0.36585365853658536
SmolLM3-3B,0.26666666666666666,0.492,0.84,0.3325892857142857,0.8218347232752085,0.2957717718639611,0.7012195121951219
SmolLM3-3B-Base,0.03333333333333333,0.004225352112676056,0.0,0.049107142857142856,0.21076573161485973,0.0,0.06097560975609756
gemma-3-4b-it,0.1,0.948,0.67,0.31473214285714285,0.8354814253222138,0.46063396051286026,0.6951219512195121
gemma-3-4b-pt,0.0,0.0028530670470756064,0.06,0.015625,0.06141015921152388,0.17039403723633986,0.006097560975609756
