model,aime2025,arenahardwriting,bfcl,gpqamain,gsm8k,healthbench,humaneval
Qwen3-1.7B-Base,0.022222222222222223,0.006567515536004628,0.9066666666666667,0.18154761904761907,0.03639120545868082,0.02389777012222931,0.17886178861788618
Qwen3-4B-Base,0.03333333333333333,0.015405737799772286,0.42,0.19642857142857142,0.2762193580995704,0.10692140423261946,0.4186991869918699
SmolLM3-3B-Base,0.05555555555555556,0.028085487525747216,0.3,0.18601190476190477,0.4425069497093758,0.037181232056652885,0.1443089430894309
gemma-3-4b-pt,0.0,0.09615697358350499,0.8366666666666666,0.19717261904761907,0.3848875410664645,0.1882672531483491,0.38211382113821135
