model,aime2025,arenahardwriting,bfcl,gpqamain,gsm8k,healthbench,humaneval
Qwen3-1.7B-Base,0.0,0.011489162753806603,0.2833333333333333,0.22916666666666666,0.27141774071266117,0.08579915993507133,0.22764227642276422
Qwen3-4B-Base,0.05555555555555555,0.06344844306786501,0.9666666666666667,0.25297619047619047,0.5218599949456659,0.22870003774969716,0.3658536585365854
SmolLM3-3B-Base,0.14444444444444446,0.09002345914266041,0.8666666666666667,0.2641369047619047,0.5804902704068738,0.21120390625442428,0.25609756097560976
gemma-3-4b-pt,0.0,0.14612069147018278,0.9199999999999999,0.2745535714285714,0.26787970684862267,0.226597235227065,0.14024390243902438
