model,aime2025,arenahardwriting,bfcl,gpqamain,gsm8k,healthbench,humaneval
Qwen3-1.7B-Base,0.0,0.005893611538582836,0.0,0.041898536384824686,0.10814473904075318,0.11398370585122863,0.08843215413742721
Qwen3-4B-Base,0.03849001794597505,0.12202398031874362,0.536935750346352,0.14975887649296574,0.13909179378958175,0.13363367211809182,0.10672183408800875
SmolLM3-3B-Base,0.0,0.06803227043650018,0.5138417395787669,0.022321428571428575,0.10610400452218337,0.00952687880852069,0.14865215043273614
gemma-3-4b-pt,0.0,0.10452723003117692,0.5006329327294932,0.003409654534937369,0.13017756104315625,0.02385257742621417,0.03467219940900809
