model,aime2025,arenahardwriting,bfcl,gpqamain,gsm8k,healthbench,humaneval
Qwen3-1.7B-Base,0.0,0.019083117211051277,0.29333333333333333,0.2581845238095238,0.5729087692696487,0.21791780451241527,0.23983739837398374
Qwen3-4B-Base,0.0,0.03772185157578159,0.3,0.23288690476190477,0.7012888551933282,0.22378165993026589,0.4146341463414634
SmolLM3-3B-Base,0.011111111111111112,0.020316921513739507,0.30333333333333334,0.2566964285714286,0.3479909021986354,0.17089410876516606,0.3170731707317073
gemma-3-4b-pt,0.0,0.08453409312471892,0.33666666666666667,0.21205357142857142,0.4399797826636341,0.2012981156588021,0.3353658536585366
