model,aime2025,arenahardwriting,bfcl,gpqamain,gsm8k,healthbench,humaneval
Qwen3-1.7B-Base,0.0,0.0063271523204789445,0.39333333333333337,0.22842261904761907,0.08263836239575435,0.15763075961014306,0.17276422764227642
Qwen3-4B-Base,0.0,0.015270955895270914,0.27999999999999997,0.23214285714285718,0.5564821834723275,0.18488038582014174,0.3231707317073171
SmolLM3-3B-Base,0.05555555555555555,0.012319825385058892,0.25333333333333335,0.22842261904761904,0.5370229972201163,0.21209411841584022,0.13821138211382114
gemma-3-4b-pt,0.011111111111111112,0.2174684366887202,0.7666666666666666,0.15922619047619047,0.3866565579984837,0.13892751655420524,0.2723577235772358
