model,aime2025,arenahardwriting,bfcl,gpqamain,gsm8k,healthbench,humaneval
Qwen3-1.7B-Base,0.03849001794597505,0.03883074006596792,0.04163331998932269,0.08048105525589262,0.3469421165996418,0.10994127537269698,0.2593435404650821
Qwen3-4B-Base,0.06666666666666667,0.019489329990760428,0.011547005383792525,0.030195868880510457,0.054091411660540094,0.034141000430219746,0.19368756310083649
SmolLM3-3B-Base,0.019245008972987525,0.026712859143422,0.5167526810122356,0.007732369676646778,0.12897542539060908,0.026015221829309605,0.1971439943574332
gemma-3-4b-pt,0.0,0.0009692453288923429,0.505799696849784,0.02706329386826372,0.09010298598878438,0.023416931530932994,0.054651746584344504
