model,aime2025,arenahardwriting,bfcl,gpqamain,gsm8k,healthbench,humaneval
Qwen3-1.7B-Base,0.0,0.01762114537444934,not stored,0.22544642857142858,not stored,0.07664391518401215,not stored
Qwen3-4B-Base,0.0,not stored,0.0,0.17857142857142858,not stored,0.1603330380684245,0.3353658536585366
SmolLM3-3B-Base,0.0,0.021837349397590362,0.0,0.171875,0.33131159969673996,not stored,0.17682926829268292
gemma-3-4b-pt,0.0,0.03598774885145482,0.09,0.0,0.3639120545868082,0.18338056885419265,0.03048780487804878
