model,aime2025,arenahardwriting,bfcl,gpqamain,gsm8k,healthbench,humaneval
Qwen3-1.7B-Base,0.03333333333333333,0.0014184397163120568,0.84,0.17633928571428573,not stored,0.12624304142386483,0.36585365853658536
Qwen3-4B-Base,not stored,0.175,0.89,0.31026785714285715,not stored,0.15387082257808476,0.5304878048780488
SmolLM3-3B-Base,0.06666666666666667,0.05845181674565561,0.0,not stored,0.42153146322971946,0.19578300386246755,0.3719512195121951
gemma-3-4b-pt,0.0,0.17184643510054845,1.0,not stored,ERR,not stored,0.4268292682926829
