model,aime2025,arenahardwriting,bfcl,gpqamain,gsm8k,healthbench,humaneval
Qwen3-1.7B-Base,0.0,0.0030375020281809785,0.5050082507576815,0.015625000000000007,0.02363678130116739,0.09058712372355948,0.1637283119767994
Qwen3-4B-Base,0.019245008972987525,0.004811486806353772,0.0,0.05532533168161103,0.002626309033463042,0.03823142139356292,0.054990850644181626
SmolLM3-3B-Base,0.0,0.015695963471937177,0.536935750346352,0.011160714285714274,0.2105219644712912,0.10920128990092637,0.13720641326615993
gemma-3-4b-pt,0.0,0.05439109266398842,0.4880915214724933,0.015625000000000007,0.0750377136112729,0.01751756876948797,0.04150523954606126
