model,aime2025,arenahardwriting,bfcl,gpqamain,gsm8k,healthbench,humaneval
Qwen3-1.7B-Base,0.03333333333333333,0.07293291731669267,0.62,0.2611607142857143,0.5435936315390447,0.06418301840052998,0.12195121951219512
Qwen3-4B-Base,0.0,0.025,ERR,0.05803571428571429,0.4844579226686884,0.12873428429416836,0.31097560975609756
SmolLM3-3B-Base,0.0,0.0013986013986013986,not stored,not stored,0.30932524639878695,0.11921262234324588,not stored
gemma-3-4b-pt,0.0,0.06988352745424292,0.24,0.23883928571428573,0.27369219105382864,0.27135689725094236,0.20121951219512196
