model,aime2025,arenahardwriting,bfcl,gpqamain,gsm8k,healthbench,humaneval
Qwen3-1.7B-Base,0.0,0.00427482241924094,0.49074772881118184,0.08086192315606029,0.25081251269572064,0.018054032003184346,0.2569912783587968
Qwen3-4B-Base,0.06938886664887109,0.04904659080214586,0.05773502691896257,0.10348415863520066,0.2760960936301074,0.0661266685037116,6.798699777552591e-17
SmolLM3-3B-Base,0.06938886664887109,0.08432621615239737,0.03214550253664321,0.03350693526546934,0.016822278737066123,0.02542769518737036,0.03658536585365853
gemma-3-4b-pt,0.0,0.07200338465516723,0.13,0.015625000000000007,0.22854715704979917,0.039135001377361534,0.2323482790641177
