model,aime2025,arenahardwriting,bfcl,gpqamain,gsm8k,healthbench,humaneval
Qwen3-1.7B-Base,0.019245008972987525,0.0025831000590316915,0.5080682368868706,0.08858542336153764,0.0583398031435061,0.05117434946874413,0.0915311402373797
Qwen3-4B-Base,0.019245008972987525,0.05346075389020396,0.5122824741617981,0.1320616405017248,0.007311334921147005,0.08198530946441066,0.09387075803866252
SmolLM3-3B-Base,0.0,0.06306111880811135,0.5773502691896258,0.07031545250792715,0.020362129975722724,0.07813933318469224,0.0898226820893673
gemma-3-4b-pt,0.0,0.07335413709531383,0.036055512754639925,0.03486718605315471,0.034009885124952906,0.03419136314897729,0.1825538202376578
