model,aime2025,arenahardwriting,bfcl,gpqamain,gsm8k,healthbench,humaneval
Qwen3-1.7B-Base,0.0,0.004875551767427061,0.35232560697930165,0.07990115332535,0.04397270659590599,0.05324291692509225,0.15810604452922278
Qwen3-4B-Base,0.0,0.016787220533251504,0.48497422611928565,0.07812500000000001,0.01733828146479041,0.07822476730377903,0.01613262994551581
SmolLM3-3B-Base,0.09622504486493763,0.01402003896827538,0.43878620458411555,0.05326050645289667,0.03000525345452669,0.0473196871611539,0.10371829936726076
gemma-3-4b-pt,0.019245008972987525,0.012607762849514289,0.09451631252505215,0.08845408833992705,0.0763024512392727,0.003782446636118842,0.23109139361528316
