model,aime2025,arenahardwriting,bfcl,gpqamain,gsm8k,healthbench,humaneval
Qwen3-1.7B-Base,0.0,0.009142053445850914,0.0,0.14508928571428573,0.1152388172858226,0.07537565969807473,0.12195121951219512
Qwen3-4B-Base,0.03333333333333333,0.03417533432392273,0.0,0.10491071428571429,0.4184988627748294,0.13383521639663787,0.38414634146341464
SmolLM3-3B-Base,0.0,0.004225352112676056,0.0,0.12053571428571429,0.21076573161485973,0.0,0.054878048780487805
gemma-3-4b-pt,0.0,0.0028530670470756064,0.54,0.015625,0.029567854435178165,0.17039403723633986,0.3048780487804878
