model,aime2025,arenahardwriting,bfcl,gpqamain,gsm8k,healthbench,humaneval
Qwen3-1.7B-Base,0.0,0.001394700139470014,0.0,0.24776785714285715,0.10917361637604246,0.07537565969807473,0.06097560975609756
Qwen3-4B-Base,0.03333333333333333,0.03417533432392273,0.0,0.13392857142857142,0.4184988627748294,0.0,0.10975609756097561
SmolLM3-3B-Base,0.03333333333333333,0.004225352112676056,0.0,0.21651785714285715,0.21076573161485973,0.0,0.054878048780487805
gemma-3-4b-pt,0.0,0.0028530670470756064,0.06,0.015625,0.06141015921152388,0.17039403723633986,0.006097560975609756
