model,aime2025,arenahardwriting,bfcl,gpqamain,gsm8k,healthbench,humaneval
Qwen3-1.7B-Base,0.03333333333333333,0.0014184397163120568,0.0,0.17633928571428573,0.12661106899166036,0.12624304142386483,0.36585365853658536
Qwen3-4B-Base,0.03333333333333333,0.175,0.89,0.31026785714285715,0.4184988627748294,0.15387082257808476,0.5304878048780488
SmolLM3-3B-Base,0.06666666666666667,0.05845181674565561,0.0,0.049107142857142856,0.42153146322971946,0.19578300386246755,0.3719512195121951
gemma-3-4b-pt,0.0,0.17184643510054845,0.06,0.015625,0.06141015921152388,0.17039403723633986,0.4268292682926829
