model,aime2025,arenahardwriting,bfcl,gpqamain,gsm8k,healthbench,humaneval
Qwen3-1.7B-Base,0.0,0.009142053445850914,0.0,0.140625,0.12661106899166036,0.07537565969807473,0.12804878048780488
Qwen3-4B-Base,0.0,0.024096385542168676,0.0,0.08035714285714286,0.42608036391205456,0.13383521639663787,0.4634146341463415
SmolLM3-3B-Base,0.03333333333333333,0.0020920502092050207,0.0,0.049107142857142856,0.21076573161485973,0.0,0.06097560975609756
gemma-3-4b-pt,0.0,0.0028530670470756064,0.06,0.015625,0.06141015921152388,0.17039403723633986,0.006097560975609756
