model,aime2025,arenahardwriting,bfcl,gpqamain,gsm8k,healthbench,humaneval
Qwen3-1.7B-Base,0.0,0.009142053445850914,0.0,0.140625,0.12661106899166036,0.07537565969807473,0.12195121951219512
Qwen3-4B-Base,0.03333333333333333,0.03417533432392273,0.0,0.13392857142857142,0.45716451857467777,0.13383521639663787,0.36585365853658536
SmolLM3-3B-Base,0.03333333333333333,0.004225352112676056,0.0,0.049107142857142856,0.10538286580742987,0.0,0.06097560975609756
gemma-3-4b-pt,0.0,0.0028530670470756064,0.06,0.015625,0.06141015921152388,0.17039403723633986,0.006097560975609756
