model,aime2025,arenahardwriting,bfcl,gpqamain,gsm8k,healthbench,humaneval
Qwen3-1.7B-Base,0.0,0.0020920502092050207,0.0,0.16741071428571427,0.02577710386656558,0.0,0.006097560975609756
Qwen3-4B-Base,0.03333333333333333,0.03417533432392273,0.02,0.13392857142857142,0.4184988627748294,0.09134086035385489,0.4451219512195122
SmolLM3-3B-Base,0.0,0.0024171270718232043,0.0,0.03125,0.21076573161485973,0.0,0.12195121951219512
gemma-3-4b-pt,0.0,0.0028530670470756064,0.05,0.25223214285714285,0.579226686884003,0.10691346046722972,0.3475609756097561
