model,aime2025,arenahardwriting,bfcl,gpqamain,gsm8k,healthbench,humaneval
Qwen3-1.7B-Base,0.0,0.009142053445850914,0.0,0.19196428571428573,0.10917361637604246,0.07537565969807473,0.10975609756097561
Qwen3-4B-Base,0.06666666666666667,0.03417533432392273,0.0,0.13392857142857142,0.0758150113722517,0.05416019241600917,0.36585365853658536
SmolLM3-3B-Base,0.03333333333333333,0.02346041055718475,0.0,0.0,0.39423805913570886,0.0,0.06097560975609756
gemma-3-4b-pt,0.0,0.14071294559099437,0.77,0.11607142857142858,0.2137983320697498,0.17039403723633986,0.24390243902439024
