model,aime2025,arenahardwriting,bfcl,gpqamain,gsm8k,healthbench,humaneval
Qwen3-1.7B-Base,0.0,0.003186968838526912,0.92,0.16517857142857142,0.40106141015921154,0.05028839862089913,0.042682926829268296
Qwen3-4B-Base,0.03333333333333333,0.03417533432392273,0.0,0.13392857142857142,0.5693707354056103,0.0,0.5
SmolLM3-3B-Base,0.0,0.019374068554396422,0.0,0.15178571428571427,0.6194086429112965,0.11180449278171559,0.4146341463414634
gemma-3-4b-pt,0.0,0.1632075471698113,0.8,0.25669642857142855,0.5852918877937832,0.2233646148963602,0.006097560975609756
